id,name,created_at,advertisers_entities.id,entities.short_name,countries.name,countries.alpha2,advertisers_platforms.advertiser_platform_ref,advertisers_platforms.advertiser_platform_name,platforms.name
946ead9a-8f90-4d5b-990e-af9fad9fa29b,Hrvatska narodna stranka - liberalni demokrati (HNS),2022-08-16T15:24:01.501Z,422f3e1d-912b-45f2-aa2a-8ed482c431be,HNS,Croatia,hr,139606619434725,Hrvatska narodna stranka - liberalni demokrati (HNS),Facebook
a6ccc8eb-7c7e-45a5-8e58-f2c1b0381387,MOST nezavisnih lista,2022-08-16T15:24:01.447Z,aa649782-8443-4acf-b0e5-19d0a2b5c52c,MOS,Croatia,hr,388550077899912,MOST nezavisnih lista,Facebook
b0ba18a8-cea5-4c6e-8773-fd72437eb352,Bandić Milan 365 - Stranka rada i solidarnosti,2022-08-16T15:24:01.479Z,584a8dd8-05b3-400d-9729-997740aeb280,OTHER,Croatia,hr,350640391803012,Bandić Milan 365 - Stranka rada i solidarnosti,Facebook
2dab5de7-5b8a-4e03-b664-33f5024fe9bd,Možemo!,2022-08-16T15:24:01.686Z,5437a9ad-bb34-4f24-8bfb-486c910769a1,MOŽ,Croatia,hr,1064762700374080,Možemo!,Facebook
c7771682-6687-4b7a-af2d-dbd5e6c4d0bc,Željana Zovko (HDZ),2022-08-16T15:24:35.624Z,356cf331-3493-4837-b3f2-92a7438ea583,HDZ,Croatia,hr,1203134743141300,Željana Zovko (HDZ),Facebook
8815fa0d-1a9a-4716-9265-02649fa9e028,Sanja Radolović (SDP),2022-08-16T15:24:35.744Z,478c2347-13c4-4856-bb97-8f61d3855591,SDP,Croatia,hr,508755852982407,Sanja Radolović (SDP),Facebook
ea0da455-2f30-4b12-b47d-175845605dab,Ružica Vukovac (Mos),2022-08-16T15:24:36.009Z,eebd899e-cd5b-4d6d-968a-e02865535142,MOS,Croatia,hr,1657306344553400,Ružica Vukovac (Mos),Facebook
b6a73ad5-f713-412f-9508-f1ef1adf069a,Kristina Bulešić (HNS),2022-08-16T15:24:36.266Z,30cf2590-b0d6-4777-aef7-4875c90f8495,HNS,Croatia,hr,1092261340886330,Kristina Bulešić (HNS),Facebook
94705122-8b59-41b2-8f18-3ca8f409eb81,Demokrati (Ams),2022-08-16T15:24:35.126Z,14e43ff3-e101-4a94-8828-8e243c300de5,OTHER,Croatia,hr,528846624195063,Demokrati (Ams),Facebook
52e5c4d8-7db6-4c2d-a659-99265a53c7ca,Zoran Bahtijarević (Ams),2022-08-16T15:24:35.874Z,f6aed824-386e-4713-bcda-39a1d1f11ea0,OTHER,Croatia,hr,2195721000680570,Zoran Bahtijarević (Ams),Facebook
055b6612-087f-49b0-8768-2acd75c516c9,Krešimir Kartelo (NHR),2022-08-16T15:24:36.143Z,f56e02be-6e59-4c71-83b7-81eb7e2ce13a,OTHER,Croatia,hr,372850943191313,Krešimir Kartelo (NHR),Facebook
d7fd962e-4c7b-43ba-b40b-de2dd297fd83,Biljana Borzan (SDP),2022-08-16T15:24:35.704Z,f788df5b-b2bd-43b7-a3b4-e4b54940097f,SDP,Croatia,hr,478557858890250,Biljana Borzan (SDP),Facebook
183f83c8-ab4e-48ee-9b63-6746e10b8960,Ivan Matić (Mos),2022-08-16T15:24:36.100Z,3cb4f9f4-ea9f-462c-9a95-4c9fff7add7a,MOS,Croatia,hr,396987650701488,Ivan Matić (Mos),Facebook
b916c589-0342-4e50-b6bd-f368d71a07bc,Ivana Nikolić Popović (HNS),2022-08-16T15:24:36.229Z,fd448f75-5d88-4eb4-8004-5e328e5ce4cb,HNS,Croatia,hr,900352786732328,Ivana Nikolić Popović (HNS),Facebook
dd7fb721-e23f-48aa-80a0-e98a7c504290,Ivana Delaš (ŽZ),2022-08-16T15:24:35.832Z,7b98a1f2-a30a-4505-b7c7-10186ffc5be7,OTHER,Croatia,hr,10215565653548500,Ivana Delaš (ŽZ),Facebook
2df04845-81ac-4523-a9a6-16deb3882424,Bandić Milan 365 - Stranka rada i solidarnosti (BM),2022-08-16T15:24:35.158Z,e571c618-860e-4169-8be1-c58c75b889d4,OTHER,Croatia,hr,350642001802851,Bandić Milan 365 - Stranka rada i solidarnosti (BM),Facebook
3f1c6773-3dc1-4777-ab11-ab30770d59c5,HSS Hrvatska (Ams),2022-08-16T15:24:35.015Z,96cfd92f-f793-46bf-8104-1f96796802c9,OTHER,Croatia,hr,236043626446597,HSS Hrvatska (Ams),Facebook
84ea891f-31ad-4c0e-8d20-fadc6271743d,Krešo Beljak (Ams),2022-08-16T15:24:35.969Z,d9bdbb29-41dc-49fa-82f9-c9abc796b40c,OTHER,Croatia,hr,470375105855,Krešo Beljak (Ams),Facebook
6f64f44b-fb92-4b0d-91d7-b48f32efcbaf,Dr. sc. Tomislav Sokol (HDZ),2022-08-16T15:24:35.620Z,10891c3f-08cb-4127-869d-2a477a1abb82,HDZ,Croatia,hr,136907303421720,Dr. sc. Tomislav Sokol (HDZ),Facebook
5dcb48c0-53f6-45cf-8ba0-63d5ba849afd,Gordan Maras (SDP),2022-08-16T15:24:35.737Z,e9c5ea2f-99fd-4f6e-8e9c-1047ba2a3573,SDP,Croatia,hr,451099328264488,Gordan Maras (SDP),Facebook
b087dcca-b365-432a-9656-8df0eaf445a3,Mato Tomljanović - Kandidat Mosta za EU Izbore (Mos),2022-08-16T15:24:36.090Z,bdb4d392-4bfd-48aa-8743-2ecb08abbfb9,MOS,Croatia,hr,324808388390734,Mato Tomljanović - Kandidat Mosta za EU Izbore (Mos),Facebook
7bcfafa4-c495-49f5-84d5-e76c74485b6c,Ivan Vilibor Sinčić (ŽZ),2022-08-16T15:24:35.859Z,be50bbe9-e896-4eca-bf2d-69e03d58369f,OTHER,Croatia,hr,1504547923097720,Ivan Vilibor Sinčić (ŽZ),Facebook
a639ab48-f933-4512-ac99-d8e5a8dca829,PGS - Primorsko Goranski Savez (Ams),2022-08-16T15:24:35.126Z,8dda3835-35b2-4743-a102-309529923c2f,OTHER,Croatia,hr,1548524782054810,PGS - Primorsko Goranski Savez (Ams),Facebook
17fd2dd5-ef57-49fb-aae4-7dcbaef5616f,Anka Mrak - Taritaš (Ams),2022-08-16T15:24:35.972Z,cadbc4bf-e21c-4d68-9b9e-0755c0b87894,OTHER,Croatia,hr,1524093981198020,Anka Mrak - Taritaš (Ams),Facebook
99638ace-f973-44c7-af96-63e36e543006,Tomislav Žagar (Start),2022-08-16T15:24:36.213Z,cdf4dec3-e860-40d7-86f8-b998ac8f81ac,OTHER,Croatia,hr,248081435606864,Tomislav Žagar (Start),Facebook
eaf6882a-90b1-4781-9ac3-d3f518d843d4,ORaH (Mož),2022-08-16T15:24:35.248Z,12ba61a1-95ba-481f-a873-5467c8ef8390,MOŽ,Croatia,hr,215270755304002,ORaH (Mož),Facebook
a9804729-fa36-4f5d-984b-7cc7b463fec2,Tonino Picula (SDP),2022-08-16T15:24:35.685Z,b86617a0-52ad-4864-b02c-4f48e1166e08,SDP,Croatia,hr,156058441248804,Tonino Picula (SDP),Facebook
5330e039-25f4-4791-ae34-18eeaf7db547,"Ivan Bekavac, MOST do zdrave Hrvatske (Mos)",2022-08-16T15:24:36.086Z,54f423c3-2eb2-4471-b450-327b635c50c2,MOS,Croatia,hr,1137529462988070,"Ivan Bekavac, MOST do zdrave Hrvatske (Mos)",Facebook
9dedf893-56cd-4fdc-9626-298a5358e124,Živi zid (ŽZ),2022-08-16T15:24:35.012Z,ca65d541-69d4-4193-a241-0fef840b7a81,OTHER,Croatia,hr,291638950941144,Živi zid (ŽZ),Facebook
0f9ec1c3-9592-4f20-9617-ca4f67425f86,Branimir Bunjac (ŽZ),2022-08-16T15:24:35.819Z,a18415bf-6a2a-4138-9f1c-3865af1322e0,OTHER,Croatia,hr,1842131359347980,Branimir Bunjac (ŽZ),Facebook
1a57e703-2d03-4b67-96f9-ec2771594bb9,Mira Morović (Ams),2022-08-16T15:24:35.955Z,5c76c850-5743-49af-81d6-b10167298b9b,OTHER,Croatia,hr,2195589347423360,Mira Morović (Ams),Facebook
d512dd84-cff5-4ceb-ad88-06c0e48f8ed2,Hrvatska stranka prava - HSP (NHR),2022-08-16T15:24:35.158Z,7e579863-2394-4f00-bfb7-c704723fc363,OTHER,Croatia,hr,125435084171610,Hrvatska stranka prava - HSP (NHR),Facebook
cd7ea522-1a54-4436-8dfb-5eff52340002,Bojan Glavašević (Start),2022-08-16T15:24:36.210Z,5c18cd9c-f9a3-4249-9483-a0f1b6e20c77,OTHER,Croatia,hr,361598820673902,Bojan Glavašević (Start),Facebook
79be7f75-22c1-408c-b7c3-0890d76d9ebf,Zorislav Antun Petrović - Vaš borac protiv korupcije (Mož),2022-08-16T15:24:36.329Z,19726b8e-385f-439e-b7e4-ea2c8a0c5366,MOŽ,Croatia,hr,1458283677737910,Zorislav Antun Petrović - Vaš borac protiv korupcije (Mož),Facebook
f193ec32-6629-4ecf-9e74-776dc22ea31a,SDP Hrvatske (SDP),2022-08-16T15:24:34.975Z,6e8ecda7-6f04-4d59-9330-3c4f9149caf8,SDP,Croatia,hr,129634970518,SDP Hrvatske (SDP),Facebook
69cf7055-ed51-4e04-bf1a-0c9776a27243,Goran Pauk (HDZ),2022-08-16T15:24:35.644Z,449fdc7d-54d1-4c08-9509-78f4b1e9552d,HDZ,Croatia,hr,583250051686076,Goran Pauk (HDZ),Facebook
3d366798-009a-40ea-a885-aa5030ef7f78,Ljubica Ambrušec (Mos),2022-08-16T15:24:36.034Z,874f49b7-3087-4b08-9df4-f2e422f8185a,MOS,Croatia,hr,919111048168626,Ljubica Ambrušec (Mos),Facebook
b5909875-30ab-4d1c-925b-59723a0d1090,Stjepan Čuraj (HNS),2022-08-16T15:24:36.282Z,5e85c17f-7766-4138-9fdf-8232c3ceada2,HNS,Croatia,hr,1528272074091410,Stjepan Čuraj (HNS),Facebook
b7a8f8c6-d086-43e4-ae44-01a52777e072,Tihomir Lukanić (ŽZ),2022-08-16T15:24:35.769Z,6951357d-d562-4541-814a-57ba2d6716b7,OTHER,Croatia,hr,1878973912321650,Tihomir Lukanić (ŽZ),Facebook
86cd0802-5d7a-47aa-8e51-3a61b00f3cdc,Marina Gradišer (Ams),2022-08-16T15:24:35.897Z,469b90f1-33a0-4e94-a489-b3a10141b232,OTHER,Croatia,hr,343303292974562,Marina Gradišer (Ams),Facebook
c7fc2c86-39f0-4130-9966-2a14a5556d57,Neovisni za Hrvatsku (NHR),2022-08-16T15:24:35.130Z,546de6a6-28a1-4308-acd9-bce8e5da8be7,OTHER,Croatia,hr,130582597441177,Neovisni za Hrvatsku (NHR),Facebook
100f07d5-41e9-474e-8574-930f085b8f59,Dalija Orešković - START (Start),2022-08-16T15:24:36.160Z,d62d5b10-0849-4902-8da6-aea5c36d6cf7,OTHER,Croatia,hr,1984286895018850,Dalija Orešković - START (Start),Facebook
98074d6a-e308-453e-889a-efa9a3460666,Stjepan Ribić (HDZ),2022-08-16T15:24:35.682Z,e1317327-dbcd-47e7-8df0-f03ef3d961c9,HDZ,Croatia,hr,451335735029375,Stjepan Ribić (HDZ),Facebook
d7c80da4-e118-4105-a092-d59def5b17b5,Nizar Shoukry (Mos),2022-08-16T15:24:36.082Z,a5e5f8f5-4e54-4d2d-bfa7-850ec94e1253,MOS,Croatia,hr,386356578829113,Nizar Shoukry (Mos),Facebook
96800b50-f16e-4465-89a5-4f8a171db871,Matija Posavec (HNS),2022-08-16T15:24:36.222Z,456c5896-2a4f-4b68-99e5-22fc15ec1f48,HNS,Croatia,hr,624340244248453,Matija Posavec (HNS),Facebook
437d8e8c-c952-4cb0-ad2c-7b815cab93f7,Dominik Vuletić (ŽZ),2022-08-16T15:24:35.810Z,63ab5c9a-0393-4513-9597-9f4044691c68,OTHER,Croatia,hr,1858125144430850,Dominik Vuletić (ŽZ),Facebook
6189f24c-9a01-412d-8113-ce2ae9bf0a2b,Laburisti Hrvatske (Ams),2022-08-16T15:24:35.129Z,2480f913-3d50-4890-b9ea-e1190d3782f3,OTHER,Croatia,hr,440688835027,Laburisti Hrvatske (Ams),Facebook
c44a8f24-f06a-4130-b488-1ebc465309e0,Damir Novotny (Ams),2022-08-16T15:24:35.952Z,f12379df-8b1a-4c89-a3c5-78bf32f34152,OTHER,Croatia,hr,242527586625054,Damir Novotny (Ams),Facebook
eefe915b-38dd-41de-bcf7-fca4c2edf24e,Hrvatska narodna stranka - liberalni demokrati (HNS) (HNS),2022-08-16T15:24:35.166Z,02a89a1d-c288-4d97-ac4b-ca6561100c41,HNS,Croatia,hr,139606689434718,Hrvatska narodna stranka - liberalni demokrati (HNS) (HNS),Facebook
b9438fd4-b9cf-44d8-a405-cd4e4d338386,Marijana Balić (HDZ),2022-08-16T15:24:35.643Z,6992ae81-c9e1-4f37-a8d7-884cb8381e95,HDZ,Croatia,hr,1274754969225360,Marijana Balić (HDZ),Facebook
4dd2b0b7-4ebe-4f7e-8819-e14018e83d39,Mirela Holy (SDP),2022-08-16T15:24:35.745Z,f0460f7d-714d-432b-95ea-a6e4617b03a9,SDP,Croatia,hr,469707403110349,Mirela Holy (SDP),Facebook
01068ed5-ec70-491f-9d28-cd489d584114,Ines Strenja (Mos),2022-08-16T15:24:35.997Z,bc074de5-76df-46f9-9e9e-6c90e1b774bb,MOS,Croatia,hr,442053045982848,Ines Strenja (Mos),Facebook
49ecfeee-cffe-479e-8824-6751da1e9277,Hrvatska stranka umirovljenika (Ams),2022-08-16T15:24:35.103Z,c54c2f22-f0b4-44e3-a0ac-8876c3f46494,OTHER,Croatia,hr,1437794749781790,Hrvatska stranka umirovljenika (Ams),Facebook
2a6901be-f5f3-4301-bd75-26fd8c295bfe,Jozo Radoš (Ams),2022-08-16T15:24:35.872Z,7cc75bb4-5500-4b5f-8375-0a431e4b398b,OTHER,Croatia,hr,446718825397673,Jozo Radoš (Ams),Facebook
c95087c6-dde1-4ebb-be90-f6b1e6494c86,Željko Glasnović (NHR),2022-08-16T15:24:36.121Z,db1003b3-faa7-4b28-98fb-6cd44e3c8c39,OTHER,Croatia,hr,1174682835894550,Željko Glasnović (NHR),Facebook
b6a89699-8855-422d-af51-113d646ebeb8,HDZ - Hrvatska demokratska zajednica (HDZ),2022-08-16T15:24:34.972Z,99c4e7e2-5cc2-4349-a4c7-ab0d32ed38a6,HDZ,Croatia,hr,406059206159790,HDZ - Hrvatska demokratska zajednica (HDZ),Facebook
a315cc2b-eb27-4b1e-84b5-04b35b20297e,MOST nezavisnih lista (Mos),2022-08-16T15:24:35.130Z,864baa1a-d8a6-4c5d-a97b-9ce91ec6bfa3,MOS,Croatia,hr,389248791163374,MOST nezavisnih lista (Mos),Facebook
7d55bbc3-e09a-4705-827a-8f247cc3e93f,Sunčana Glavak (HDZ),2022-08-16T15:24:35.626Z,87a88db8-3789-4791-826b-262e14bf016d,HDZ,Croatia,hr,482597555105335,Sunčana Glavak (HDZ),Facebook
7829d27a-70e9-402c-a825-ef94745f8cfe,Ranko Ostojić (SDP),2022-08-16T15:24:35.764Z,c27970de-aba3-44d0-b3b8-97c93dd72e4f,SDP,Croatia,hr,414576068695532,Ranko Ostojić (SDP),Facebook
85173b84-a5a7-45d3-a3fd-0adaec2e9f0c,Robert Podolnjak (Mos),2022-08-16T15:24:36.021Z,1c18eedb-d044-4aa7-8f29-d6b0900220be,MOS,Croatia,hr,137769369922435,Robert Podolnjak (Mos),Facebook
d55f5be0-b326-4966-b17f-463997b965a1,Tomislav Stojak (HNS),2022-08-16T15:24:36.278Z,87d4d26d-8cc9-4e1b-a91d-6b345a57ac12,HNS,Croatia,hr,442202985870716,Tomislav Stojak (HNS),Facebook
b1b9cfed-d1be-4e1b-8497-f367ba8eb0a1,Tea Mičić Badurina (Ams),2022-08-16T15:24:35.895Z,f7f9e97a-de0a-463c-a48c-41f047d7b292,OTHER,Croatia,hr,252549145627752,Tea Mičić Badurina (Ams),Facebook
74e5ab0e-c81e-4ca0-803e-ee9f4707f4c6,Zlatko Hasanbegović (NHR),2022-08-16T15:24:36.144Z,c6340eb4-c645-455f-b1e3-80a2aade1b1a,OTHER,Croatia,hr,819988798130231,Zlatko Hasanbegović (NHR),Facebook
01ce4d01-5f88-4594-b4e9-1f7667dbcf01,Karlo Ressler (HDZ),2022-08-16T15:24:35.599Z,21809cd4-e155-4261-8be1-a2be0158e351,HDZ,Croatia,hr,272201106998604,Karlo Ressler (HDZ),Facebook
618e339d-4c2f-4de4-b8b7-c161480ae7e2,Predrag Fred Matić - naš zastupnik (SDP),2022-08-16T15:24:35.719Z,5206aae3-afff-4624-b7ac-1aa4f43bb8b1,SDP,Croatia,hr,1492273371055290,Predrag Fred Matić - naš zastupnik (SDP),Facebook
ab9ec91c-53aa-4575-a4f2-1e7a60e56c5c,Božo Petrov (Mos),2022-08-16T15:24:35.987Z,8a896545-fd9e-45f1-80dd-83c70263646d,MOS,Croatia,hr,130824960423147,Božo Petrov (Mos),Facebook
9b364489-d022-42bc-892c-f18ea1f85cf4,Miro Bulj (Mos),2022-08-16T15:24:36.108Z,01bacc63-8ebb-4f4f-b0cc-9227d91f8636,MOS,Croatia,hr,1252295761481530,Miro Bulj (Mos),Facebook
a2ad5e14-a96f-4fc6-8213-f535c4a80fc8,Ruža Kovačević Bilić (HNS),2022-08-16T15:24:36.231Z,0d995495-4c4a-4774-abff-9dcb4d1743ef,HNS,Croatia,hr,2268603003197180,Ruža Kovačević Bilić (HNS),Facebook
669c1678-2b7c-47d6-9a0b-bab090a07f57,Maja Očko Šunjić (ŽZ),2022-08-16T15:24:35.840Z,7331605d-e36a-49b4-afe3-e3551de9ed2d,OTHER,Croatia,hr,1118265354990710,Maja Očko Šunjić (ŽZ),Facebook
9c781016-a05e-4865-959c-de8df056bcc4,GLAS Građansko-liberalni savez (Ams),2022-08-16T15:24:35.016Z,08468702-2803-48b2-9642-fb218b6b3020,OTHER,Croatia,hr,231055540746309,GLAS Građansko-liberalni savez (Ams),Facebook
7fac0667-fb11-4658-af3a-ff02b42c64f6,Možemo - politička platforma (Mož),2022-08-16T15:24:35.194Z,63ac576a-0c9f-40e7-85df-169cd68c43c2,MOŽ,Croatia,hr,1064762750374080,Možemo - politička platforma (Mož),Facebook
0f6a563a-4a9f-4ae2-917a-ea97f06158de,Dubravka Suica (HDZ),2022-08-16T15:24:35.605Z,1ebe4f1d-aad7-4ea5-aee4-f53239c48edf,HDZ,Croatia,hr,195119363993494,Dubravka Suica (HDZ),Facebook
0a3f6f3c-637e-470f-be8d-f5439748e97e,Mladen Novak - kandidat za EP (SDP),2022-08-16T15:24:35.739Z,95dac4a5-2b3a-468e-ab2e-9e763c56c0a6,SDP,Croatia,hr,270847086695259,Mladen Novak - kandidat za EP (SDP),Facebook
c24081f8-b923-4cc2-ad92-fbdbc6cec58e,Ivan Prskalo - Kandidat Mosta za EU Izbore (Mos),2022-08-16T15:24:35.997Z,13706e79-833f-4c12-ad59-5e0a8870deff,MOS,Croatia,hr,413937249396663,Ivan Prskalo - Kandidat Mosta za EU Izbore (Mos),Facebook
3f3b2a34-d1b4-424b-83ea-84ad77b967df,Davor Nađi (HNS),2022-08-16T15:24:36.239Z,79756d32-5915-4f23-b45d-bf571cc68a63,HNS,Croatia,hr,1640498282692610,Davor Nađi (HNS),Facebook
ba334b10-0d1e-4b85-8954-4a104a0db79f,IDS - Istarski Demokratski Sabor (Ams),2022-08-16T15:24:35.046Z,3dd05488-3c51-4532-967c-292ca19c1a70,OTHER,Croatia,hr,461481553960,IDS - Istarski Demokratski Sabor (Ams),Facebook
c9f22531-070b-48ac-857c-ca072e5db2fc,Valter Flego (Ams),2022-08-16T15:24:35.869Z,1de05c8b-d7f1-47b6-bd67-32568743ce49,OTHER,Croatia,hr,441675099224162,Valter Flego (Ams),Facebook
cca9b6b6-878c-4ed2-93de-2f043bca83e1,Bruna Esih (NHR),2022-08-16T15:24:36.118Z,6cd8f53a-fa85-4d18-9239-edb8ae53e4e4,OTHER,Croatia,hr,170701496687352,Bruna Esih (NHR),Facebook
dfb05509-ec13-4275-9a52-75ec108228a6,Nova ljevica (Mož),2022-08-16T15:24:35.228Z,c544cbd4-486a-4b00-a8e6-234e344d818a,MOŽ,Croatia,hr,706770326164680,Nova ljevica (Mož),Facebook
f32b6510-9806-4e45-a143-30aa837768f1,Habib Tahiri (HNS),2022-08-16T15:24:36.243Z,c30d1bf8-47e2-43d9-a8b2-24c5bd777fdf,HNS,Croatia,hr,750800161983664,Habib Tahiri (HNS),Facebook
7724fdeb-136e-48ee-9303-0a4d50aab20f,HDZ Zagreb,2023-02-07T15:06:00.510Z,a9491b19-cc4c-4fc0-91a0-30cf2ae4142f,HDZ,Croatia,hr,695931033847068,HDZ Zagreb,Facebook
2cc07b52-899f-419a-907e-f9233fc8b740,Socijaldemokrati,2023-02-07T15:06:00.626Z,065d388d-6440-4dd7-af83-600bc2a70e8d,SD,Croatia,hr,103411068843902,Socijaldemokrati,Facebook
5c8908bf-94a0-442e-985f-23dd1786740e,Domovinski pokret,2023-02-07T15:06:00.457Z,e1880d56-bce9-4ef3-a74b-769168f30ffc,DP,Croatia,hr,106928174232844,Domovinski pokret,Facebook
dfcdee99-69bb-4510-8a1a-819bfe4d1e1c,HDZ Zagrebačke županije,2023-02-07T15:06:00.513Z,4986d15a-3d46-4fc1-b49d-d552e0373f6e,HDZ,Croatia,hr,537207832991468,HDZ Zagrebačke županije,Facebook
fd4c491f-91c1-4fd1-9a17-f732d98c1d73,Stipo Mlinarić,2023-02-07T15:06:00.513Z,02ae25f5-ab65-469e-89a3-04402d43a2a4,DP,Croatia,hr,100679584979678,Stipo Mlinarić,Facebook
abeccc06-3ff2-433a-9249-d0fc13ee88d6,Domovinski pokret Grad Zagreb,2023-02-12T10:52:43.998Z,381c6e8b-545d-4251-a6fe-fce550cb6401,DP,Croatia,hr,103228831832872,Domovinski pokret Grad Zagreb,Facebook
bb239e00-53b5-4621-91f4-d1c9a339763e,SDP Vodice,2023-02-12T10:52:43.967Z,454cf932-62d0-40bb-ae7d-587f4969730e,SDP,Croatia,hr,339614456139079,SDP Vodice,Facebook
4ff2696c-30d1-4719-acab-b0713d687cda,SDP Gradska Organizacija Varaždin,2023-02-07T15:06:00.579Z,bc3ac384-1518-4034-9fb1-bc2a6fc3e817,SDP,Croatia,hr,1510633699202282,SDP Gradska Organizacija Varaždin,Facebook
e4e2e7c9-1498-4dcd-9416-3aea757e162c,Možemo - politička platforma,2023-02-07T15:06:00.507Z,41dadc48-bc79-4113-a14d-cc6adec79a9c,MOŽ,Croatia,hr,1064762700374086,Možemo - politička platforma,Facebook
bdc2cc64-10a0-4be4-a913-14f911bb6ca0,Peđa Grbin,2023-02-07T15:06:00.503Z,ddde1273-86f0-4df5-99fc-c7dcbeea65ba,SDP,Croatia,hr,585411648152023,Peđa Grbin,Facebook
b236e0f4-a4df-4020-84e8-65bdacf5fc63,Možemo Osijek,2023-02-12T10:52:43.961Z,e40aa95e-37eb-40f4-a894-d2f45417d94c,MOŽ,Croatia,hr,112291017630753,Možemo Osijek,Facebook
934ff277-2917-4097-bf43-544792a51eb2,Možemo Rijeka,2023-02-10T10:52:59.728Z,827f513c-98c6-46c5-9192-e279f3c76bd8,MOŽ,Croatia,hr,100435115417055,Možemo Rijeka,Facebook
0b50ac3c-eecd-4237-8659-a8fc16f8f7d7,Vesna Vučemilović,2023-02-08T05:55:30.376Z,0ce63796-8196-4b8b-86d1-dc13dfed3a79,OTHER,Croatia,hr,105129271272621,Vesna Vučemilović,Facebook
8212a1f3-ef9e-499c-a3f1-48da712f0d6f,Možemo Pula - Politička platforma,2023-02-07T15:06:00.510Z,991ab107-660b-4c9d-b91e-7fd204ce5b7b,MOŽ,Croatia,hr,103328145051749,Možemo Pula - Politička platforma,Facebook
01ab5921-cad2-45c2-867f-81587386a19a,Mate Šimundić,2023-02-07T15:06:00.559Z,24fd4d4a-be8b-4ebb-aace-0c1d00ef651a,DP,Croatia,hr,102260795029090,Mate Šimundić,Facebook
d89823f9-1a1d-4639-9b93-a68016da46f6,Karlo Ressler,2023-02-07T15:06:00.513Z,cf2eccad-3d09-441b-a368-3762e38646fc,HDZ,Croatia,hr,272201060331942,Karlo Ressler,Facebook
bc097a1a-ebed-45ac-9443-5ddee878a42f,Sunčana Glavak,2023-02-07T15:06:00.558Z,b4c60ab5-be67-4e8c-a225-cecf823c6d97,HDZ,Croatia,hr,482597361772021,Sunčana Glavak,Facebook
f2164372-a7bc-49cf-a905-a38ca950c7df,Trpimir Goluža,2023-02-07T15:06:00.559Z,23e44066-ee66-4867-85fc-94cc674238a7,OTHER,Croatia,hr,104113164820973,Trpimir Goluža,Facebook
ac5c2b06-887d-4c61-af6b-e40893de1efa,Marina Opačak Bilić,2023-02-08T05:55:30.361Z,05bf7a33-1fb6-4238-9a4f-cfa1615472e3,OTHER,Croatia,hr,100487571356960,Marina Opačak Bilić,Facebook
c385d998-7f1e-44c5-9b98-0a2aa3fdc843,Ivan Anušić,2023-02-07T15:06:00.558Z,af95f48e-4e69-451f-acad-20d8ba6ae399,HDZ,Croatia,hr,638604229648184,Ivan Anušić,Facebook
c723a44d-5f57-4388-8fe0-59cdaa17c1ae,Zajedno za Trogir - građanska platforma,2023-02-13T10:53:01.058Z,abf4f100-1858-4f82-a15f-aaea359b739c,OTHER,Croatia,hr,102093624984624,Zajedno za Trogir - građanska platforma,Facebook
7b11d33d-bf5a-4805-89e8-70a8dbe85d47,Ilčić Ladislav,2023-02-07T15:06:00.509Z,7f5159fd-dfc3-4af7-af42-8f863540cf2f,OTHER,Croatia,hr,102285721646246,Ilčić Ladislav,Facebook
e558c6f8-ddd9-4993-910a-307fdaf05b90,Novi vjetrovi Fažane,2023-02-07T15:06:00.457Z,649cb8e9-3058-46a5-b1b8-cbfbfe93528a,OTHER,Croatia,hr,108173908019683,Novi vjetrovi Fažane,Facebook
26e943ed-e339-4533-91a4-e2c1cd90d64c,Državni zavod za statistiku,2023-02-11T10:52:37.509Z,41f2ab14-b6be-4ecc-85f1-b9a1ac747def,GOV,Croatia,hr,603906399629215,Državni zavod za statistiku,Facebook
5d940a84-3849-4432-b7c1-1bf29f019dc3,Dalibor Paus,2023-02-14T10:52:52.864Z,11844c81-f14a-4ed2-8a1c-7942bf5e08c8,OTHER,Croatia,hr,396543317390918,Dalibor Paus,Facebook
2941ba19-5050-4029-b35d-0fef5268b2c7,Create,2023-02-10T10:52:59.764Z,03a06e7d-43d7-40f3-af7d-693fa69f5b2c,OTHER,Croatia,hr,109451008578039,Create,Facebook
bca5ab94-f90c-401b-ad87-ce12cb2f68ca,Ivica Lovrić,2023-02-07T15:06:00.675Z,5478840c-3038-404e-a9d4-507deeb6dc09,OTHER,Croatia,hr,106788298553343,Ivica Lovrić,Facebook
b3e4a797-19bb-474f-a92d-4b57982c781f,Marijan Pavliček,2023-02-10T10:52:59.743Z,6b27c1d5-0bce-400d-8a0c-da783e87a174,OTHER,Croatia,hr,1774798116169873,Marijan Pavliček,Facebook
8895d468-d6ae-4944-a937-16bde9362838,Hrvatski suverenisti,2023-02-10T10:52:59.740Z,c2d26cdf-66b5-48f4-9c82-c4d1271c5ac5,OTHER,Croatia,hr,2305130156436757,Hrvatski suverenisti,Facebook
cdc9d159-bf91-4524-9dcc-cefeb43fcc4f,Katarina Peović,2023-02-08T05:55:30.409Z,99afa1dd-a94c-4389-9ef8-24750cb0c28f,OTHER,Croatia,hr,2203684973028242,Katarina Peović,Facebook
b41241ef-95cf-4cc6-a696-db7476bc64b4,Veljko Kajtazi,2023-02-09T06:27:19.680Z,4ac06e6c-b213-4559-9f34-92a8cacc4c10,OTHER,Croatia,hr,1747126668848581,Veljko Kajtazi,Facebook
49104377-8ecc-4406-98c0-d8b2f997e9d0,Alin Kavur,2023-02-09T06:27:19.704Z,345c6389-1e41-44ab-8dab-9c7cc0559c1e,OTHER,Croatia,hr,103623205494087,Alin Kavur,Facebook
3891ffc5-cc02-420c-9756-a06336d3b26d,Mladež HDZ,2023-04-09T10:52:42.564Z,17b39705-066c-4a9b-842d-d6355da3a2c4,HDZ,Croatia,hr,426737060720348,Mladež HDZ,Facebook
6f50fbed-2f31-4769-bcee-a9885a66223a,MOST Sinj,2023-06-02T06:52:59.515Z,2f9edb02-f92a-4e05-a8b7-d02f674d657a,MOS,Croatia,hr,187194228466378,MOST Sinj,Facebook
5f289251-4047-4833-be96-36313a3aa9e8,Dr. Ivan Bekavac,2023-05-23T06:52:49.377Z,904e62f0-495c-4412-b730-6c873f87dd75,MOS,Croatia,hr,103971088258940,Dr. Ivan Bekavac,Facebook
36aa8658-56fc-496d-b45e-e598b2f4e21e,SDP Pula,2023-04-17T08:11:47.251Z,890fdba7-c3ee-4a9c-861e-cafe7c9a02b8,SDP,Croatia,hr,1530584447184394,SDP Pula,Facebook
7e595d02-0735-40a0-b6d5-c01a13cab649,Anita Jakšić,2023-03-06T10:52:53.262Z,e17f37db-33d9-48b3-8166-c9d6076a0fc9,SDP,Croatia,hr,1822266261379775,Anita Jakšić,Facebook
4d38a7a5-1a02-4fae-84d7-d5e479a02e6d,MOST Podsused Vrapče,2023-08-09T05:07:10.920Z,a3098b89-f645-42b1-b44a-a7cdb5064041,MOS,Croatia,hr,102573432624634,MOST Podsused Vrapče,Facebook
10f33937-af5f-44d8-8b62-d978dcb208aa,Miro Bulj,2023-05-17T06:52:16.652Z,7983565c-5059-4bab-bc0d-225464212ee3,MOS,Croatia,hr,1252295741481540,Miro Bulj,Facebook
74d9f144-8017-4e03-83d4-dff024a41046,Neven Bosilj,2023-03-21T10:52:33.060Z,f84e818b-88c5-469f-b6ae-1953003ac684,SDP,Croatia,hr,103759411561248,Neven Bosilj,Facebook
dbe30a44-59b0-4bf6-b688-72ad969cb2f4,Odgovor za Varaždin,2023-03-21T10:52:33.073Z,4a412ef5-3db5-4c06-bd49-b61c99e3639f,SDP,Croatia,hr,104888708305144,Odgovor za Varaždin,Facebook
a26f4a5c-b441-42e4-b0b2-6b84e77d7fca,SDP Šibensko-kninska županija,2023-02-20T10:52:52.865Z,99abf5c8-cbc9-46b7-84b9-576963269b22,SDP,Croatia,hr,213485372024438,SDP Šibensko-kninska županija,Facebook
0aeeb209-9771-45cd-b424-e1d7b94ef323,Nino Raspudić,2023-06-19T18:24:38.212Z,9b1c1df2-8fe9-4044-9826-1df4b45933e0,MOS,Croatia,hr,135517913287398,Nino Raspudić,Facebook
d792b79f-7688-440f-a493-b3f799d48750,SDP Split,2023-05-01T06:52:23.744Z,48981ef1-ff47-466c-b483-feeb520a9ca8,SDP,Croatia,hr,111289382263907,SDP Split,Facebook
a06b468c-3cc5-421d-995c-238d52c841ab,SDP Šibenik,2023-04-17T08:11:47.239Z,c9bcfbbd-92f5-4355-aca9-38312d814a9e,SDP,Croatia,hr,162757077095963,SDP Šibenik,Facebook
31bbca86-c59c-4c2c-a5ae-7bc29bee46e4,Možemo Split - Politička platforma,2023-03-08T10:52:51.313Z,fd380911-6fd8-4d1e-ba2e-3feaf2efa8e5,MOŽ,Croatia,hr,117545046768322,Možemo Split - Politička platforma,Facebook
77cb70f1-0fd6-40dd-b152-6147b338d1a5,Socijaldemokratski forum žena SDP-a Hrvatske,2023-06-19T18:24:38.211Z,f39c8d0e-44c1-49c4-892e-dc71aa6c2280,SDP,Croatia,hr,121914797879813,Socijaldemokratski forum žena SDP-a Hrvatske,Facebook
c04b344b-8761-4010-9356-9d17d2e8655d,SDP Radoboj,2023-02-22T10:53:02.864Z,93809904-925f-41f2-a99c-bd9b4d6b24a1,SDP,Croatia,hr,104362675475607,SDP Radoboj,Facebook
c59eb3af-1d22-4555-b25a-99ae89690408,Joško Markić,2023-02-19T10:53:06.441Z,b8f10071-d553-4b45-81f4-f599e16c85b2,SDP,Croatia,hr,386037878435616,Joško Markić,Facebook
f43b380f-a592-4003-bcd1-a405a813bfed,SDP Zaprešić,2023-05-03T06:52:33.208Z,3d854003-40c3-406a-8ea2-94af30ee18de,SDP,Croatia,hr,566781040007072,SDP Zaprešić,Facebook
76d813e8-546d-4849-bb3b-87b52fe7c5a7,Možemo Karlovac,2023-03-28T10:52:43.421Z,2e5cf94e-d34d-408e-8597-0270385b666f,MOŽ,Croatia,hr,106399947417216,Možemo Karlovac,Facebook
969a2417-4cb9-4d3b-9eb7-9e074812df6a,Forum mladih SDP Hrvatske,2023-02-25T10:52:57.714Z,b43ed8d8-9f67-4a88-90a1-afcd85658041,SDP,Croatia,hr,314776818539194,Forum mladih SDP Hrvatske,Facebook
94889dc5-3e89-44cc-81fa-a940eb22c1b0,SDP Dubrovnik,2023-03-08T14:42:32.517Z,b4addc04-177b-431f-bc87-1b84dec8c969,SDP,Croatia,hr,241209912952970,SDP Dubrovnik,Facebook
fb62f05d-6820-4f7c-a755-b4760325b8fb,SDP Osijek,2023-09-24T05:06:39.422Z,e58ed863-8cfe-4c68-8120-2becefa49e14,SDP,Croatia,hr,1022902284462369,SDP Osijek,Facebook
635e3ade-7064-4595-a006-190cbe336270,Predrag Fred Matić,2023-07-12T14:59:34.281Z,271aea06-6ccc-404a-ad1f-7a671e16d98b,SDP,Croatia,hr,1492272061055425,Predrag Fred Matić,Facebook
d76d2527-8d80-4421-abf8-8e88e99b02bf,Jakša Balov,2023-09-30T05:06:39.602Z,f49bdfe8-2634-4b8b-9219-e9170d954738,HDZ,Croatia,hr,102080472814518,Jakša Balov,Facebook
94360174-42e7-4a0d-81e7-3324c700af3e,HDZ Sv. Klara,2023-03-08T14:52:22.558Z,55d6ef15-642f-46c8-8d5b-db6463c34c95,HDZ,Croatia,hr,434892630029254,HDZ Sv. Klara,Facebook
c8910a2e-7bd1-4bfe-999d-757513855a53,HDZ Općine Drenovci,2023-04-12T10:52:17.809Z,9a16e33e-4eb7-47a4-bc62-ee9b4456fd82,HDZ,Croatia,hr,102433788955637,HDZ Općine Drenovci,Facebook
5d7c8cbd-d5ce-455c-87ca-0cf5ef3a1953,HDZ Pregrada,2023-05-07T06:52:23.437Z,6f0654ce-ae5f-430f-85c8-f282d4ca5959,HDZ,Croatia,hr,1645755879015246,HDZ Pregrada,Facebook
315d01a9-2e0c-496c-a3a1-c681fee0afc8,HDZ Split,2023-03-08T10:52:51.303Z,0c8a64ac-7ad4-4872-96bf-fc87da1e2988,HDZ,Croatia,hr,756983767690839,HDZ Split,Facebook
795e3dae-548c-46ac-bcd3-a65a0d0a5d58,HDZ Valpovo,2023-03-03T10:52:51.574Z,36deff88-6c1e-4b7d-b0d0-10268a0d16a4,HDZ,Croatia,hr,1508218582785266,HDZ Valpovo,Facebook
2f2454d6-668f-4ff5-a9bf-8564e3836dd6,Nenad Bučko,2023-07-08T06:07:06.836Z,ea066c3d-ebf9-4636-9b0a-790bd4dd97e6,HNS,Croatia,hr,105322958200874,Nenad Bučko,Facebook
23d7c3fc-1348-42f1-a30e-065ae485a123,MOST Slavonija,2023-03-08T14:42:32.476Z,276108b4-a441-4801-a405-5a4adfdf1777,MOS,Croatia,hr,103650195579118,MOST Slavonija,Facebook
8a6a5291-4884-44ba-91a0-1a2557e89610,Most - Velika Gorica,2023-03-08T10:52:51.261Z,63a455c0-6510-4c3b-baf5-ac18527a6345,MOS,Croatia,hr,1795107684078876,Most - Velika Gorica,Facebook
b5c95cf5-6895-4683-bec9-399070c752c9,"Ivan Bekavac, MOST do zdrave Hrvatske",2023-12-11T05:06:28.446Z,b25c6941-fd06-4345-ada1-02085d6e0189,MOS,Croatia,hr,1137529059654783,"Ivan Bekavac, MOST do zdrave Hrvatske",Facebook
07c7721a-1bf8-4f7a-94b6-6d8422b14feb,SDP Korčula,2023-10-23T05:06:22.768Z,00713cad-bfcb-4b65-a3ee-ebc1721e5dd8,SD,Croatia,hr,1885362038359170,SDP Korčula,Facebook
91321ba3-9e47-4668-a580-02f1063871d2,Nikola Grmoja,2023-05-03T06:52:33.234Z,9a2ec1cc-dadb-4c5a-9146-b1021e1c8a6b,MOS,Croatia,hr,1758512924436183,Nikola Grmoja,Facebook
163d0bef-2509-470c-9e06-37c27582ed1a,Andrej Plenković,2023-10-29T05:06:55.572Z,f246c1ad-a477-4981-aef2-10a04e582b6f,HDZ,Croatia,hr,633028036739134,Andrej Plenković,Facebook
294efe8f-19f0-4ef8-ba3b-f97b3caca1b6,SDP Zagreb,2023-11-27T05:07:11.281Z,b39e905f-a469-46d4-963e-24c54f6b10ed,SD,Croatia,hr,157574057641898,SDP Zagreb,Facebook
e888f5e7-baa4-4313-a28a-89114a000f22,Most nezavisnih lista - Varaždinska županija,2023-03-30T10:52:38.974Z,b9889b0b-cfd8-4891-8c86-03e9d5c00bc6,MOS,Croatia,hr,153065878561564,Most nezavisnih lista - Varaždinska županija,Facebook
1f2bbfa3-fe27-4438-8c75-b229ac91d31b,MOST Podstrana,2023-03-08T14:42:32.521Z,8c3bb48f-7c51-4a16-94a2-28431f426178,MOS,Croatia,hr,102637735177522,MOST Podstrana,Facebook
bcd600d9-8ec4-4e75-b5f7-eebd5eb6e049,SDP Sisak,2023-11-26T05:07:32.093Z,4d49d97b-be56-44df-b2f5-01d6aab0f238,SD,Croatia,hr,118267131532770,SDP Sisak,Facebook
5506bbed-fe05-42e3-8f75-7460db683193,MOST nezavisnih lista - Zagreb,2023-11-13T05:07:22.744Z,20a0d314-67ad-4a7a-bba4-f5b4615fc5dd,MOS,Croatia,hr,1556582011317026,MOST nezavisnih lista - Zagreb,Facebook
fd392d7c-3aff-444f-89a1-8542ef226549,HDZ Zaprešić,2023-10-22T05:06:41.614Z,82e86040-c5ab-467c-be1a-2fcc6a6ec706,HDZ,Croatia,hr,1477806172531995,HDZ Zaprešić,Facebook
907ee9a4-f428-40ce-b3df-6cf50b5be6ef,HDZ Sveti Križ Začretje,2023-12-17T05:06:39.521Z,0cb10829-ace6-41c7-8a3f-d4fee69bcb18,HDZ,Croatia,hr,833317516707414,HDZ Sveti Križ Začretje,Facebook
e5630040-bfce-4b39-a9ca-10b9fad15dbb,Oriflame,2023-09-18T05:06:29.525Z,e76d3310-6f47-4438-ab81-38357bfd27c5,ZZZ,Croatia,hr,110997685578036,Oriflame,Facebook
fbb96eba-06ac-4e03-90e8-29860f66cb90,Hdz Sisak,2023-12-11T05:06:28.466Z,26171764-eaf8-45e9-8144-cedae72410df,HDZ,Croatia,hr,685830871495445,Hdz Sisak,Facebook
3a53cf52-23ae-4277-90c4-e099a555ee52,officialmisscharity,2023-02-07T15:06:00.663Z,a316ab4d-d123-44fc-bed6-6c7a87afbe36,ZZZ,Croatia,hr,103892389278045,officialmisscharity,Facebook
0e278b83-6ecc-4a3c-9dbc-6e81a6ac8ec6,Keune Haircosmetics,2023-09-04T05:06:33.131Z,20edb50e-87c4-4292-a74c-b1998d643708,ZZZ,Croatia,hr,127378790675496,Keune Haircosmetics,Facebook
f005547c-365f-49da-8e7e-8bf1f818b8bb,Naklada Ljevak,2023-02-07T15:06:00.623Z,7d5109b9-222f-4c69-b8fd-692262fd7840,ZZZ,Croatia,hr,112380548846140,Naklada Ljevak,Facebook
6c7f6811-3d47-42d7-bdce-e1c2237bbfeb,AgroKlub.com,2023-02-07T15:06:00.551Z,99fb3bbc-eb96-4a56-936c-668df9a244e6,ZZZ,Croatia,hr,102198203158768,AgroKlub.com,Facebook
a0418408-094d-4f6b-b583-bca28f80986a,Nacional News Magazin,2023-02-07T15:06:00.560Z,67034e38-ada2-400e-822e-e0ec8a99261c,ZZZ,Croatia,hr,414865581996126,Nacional News Magazin,Facebook
f8fcaf03-af1f-4b91-bbf1-19f60c8efa2c,Srđ je grad,2023-02-07T15:06:00.601Z,0d12b8e1-6258-447c-8400-001e670acbe4,ZZZ,Croatia,hr,1547834282153752,Srđ je grad,Facebook
c9c739d6-fda2-4e68-89ce-e7f12694ad8d,Telegram.hr,2023-02-07T15:06:00.457Z,0a648a8b-247f-461f-ac7b-efeb88fe22d4,ZZZ,Croatia,hr,688325737947866,Telegram.hr,Facebook
3d603a7c-1fe5-4d00-ba88-19dadbe7af97,Net.hr,2023-02-07T15:06:00.456Z,89dae18b-e67a-4dc8-b45b-99b6801447c2,ZZZ,Croatia,hr,86874647886,Net.hr,Facebook
ff772278-2845-42aa-b978-2ecf2bcc6537,ZGRADOnačelnik.hr,2023-02-07T15:06:00.601Z,574fb872-252c-4db6-a354-3d01dbbef22e,ZZZ,Croatia,hr,102409151592858,ZGRADOnačelnik.hr,Facebook
ffcd10bc-ea9a-4f30-8924-2c42d65c7323,N1 Hrvatska,2023-02-07T15:06:00.456Z,2e454e3a-97ae-4519-9191-6414969b86ce,ZZZ,Croatia,hr,1781165065440754,N1 Hrvatska,Facebook
47e76d31-17bd-416b-a545-444dba078982,Sjeverni.info,2023-02-07T15:06:00.636Z,7a512bbd-029f-44f8-9920-5baa6492302b,ZZZ,Croatia,hr,278339808976719,Sjeverni.info,Facebook
de7fa79b-0f03-44e3-9c0d-31b644b70020,Regionalni industrijski sindikat,2023-02-07T15:06:00.579Z,c84ba7a3-6924-4bc9-937f-15615b672e0e,ZZZ,Croatia,hr,494211670717451,Regionalni industrijski sindikat,Facebook
82fa12f2-56d1-43e7-b108-8742a1d03c01,Zelena akcija / FoE Croatia,2023-02-07T15:06:00.633Z,ec22f994-974f-4425-ace5-07b2688e3ce8,ZZZ,Croatia,hr,176565220704,Zelena akcija / FoE Croatia,Facebook
8763aeb5-9739-46ab-8212-9df4dc8a61dd,Studio - Sve se može - Jastrebarsko,2023-02-08T05:55:30.366Z,e5feec88-832a-41cd-8135-843624aaf5ab,ZZZ,Croatia,hr,414256031978639,Studio - Sve se može - Jastrebarsko,Facebook
cf1b119a-986e-44ba-9d98-888510bbb3d8,Greenpeace Hrvatska,2023-02-07T15:06:00.456Z,1f8a1468-9eab-4c09-9822-bfe8aac97f09,ZZZ,Croatia,hr,359170097532754,Greenpeace Hrvatska,Facebook
3b4a5a57-f4e3-4d27-80ff-5cb31e6a3182,MetalProdukt.hr,2023-02-08T05:55:30.401Z,7d1beaaf-cf20-424a-8ad2-128ef0ed782f,ZZZ,Croatia,hr,111584317974017,MetalProdukt.hr,Facebook
454f9a6c-691e-4bad-a254-842e2c6e3930,Apodos,2023-02-07T15:06:00.601Z,58dde6f5-3f34-4602-a16d-907f8785197e,ZZZ,Croatia,hr,100629805107247,Apodos,Facebook
e087bf02-2df5-4167-bff2-71836aa71617,Mreža mladih Hrvatske - Croatian Youth Network,2023-02-08T05:55:30.399Z,b3a9f603-c8ff-4e69-8883-5bcdc3653f29,ZZZ,Croatia,hr,133678452137,Mreža mladih Hrvatske - Croatian Youth Network,Facebook
3bff765b-c550-4c4e-ac46-c702df1683a9,Studentski.hr,2023-02-07T15:06:00.513Z,8b3e09d3-458c-4477-a8bf-8e0887d4dae2,ZZZ,Croatia,hr,210627425725812,Studentski.hr,Facebook
807aa88d-2f90-433c-9bd6-85259e6b4cc5,Centar za zdravlje mladih Zagreb,2023-02-08T05:55:30.394Z,11b86ecf-55fb-4aa5-8aa5-59caf4360128,ZZZ,Croatia,hr,1007311312812441,Centar za zdravlje mladih Zagreb,Facebook
bcfd07aa-75f3-45fd-80d5-2953669cdc31,Genius by InterCapital,2023-02-07T15:06:00.601Z,af81262d-01f0-4c06-bb74-494a924cf8fb,ZZZ,Croatia,hr,235319525101705,Genius by InterCapital,Facebook
f06f073e-ef8d-401f-8407-5e386d192556,Infodemija,2023-02-09T06:27:19.720Z,5aa396da-c6d3-4f15-b8f6-9f1fe5131d5b,ZZZ,Croatia,hr,100525388993074,Infodemija,Facebook
80b76aea-4710-4fbf-bef9-210aa415ef97,Crodex.net,2023-02-07T15:06:00.636Z,57ba84b8-37e9-4143-98e2-33ffc9ebb19e,ZZZ,Croatia,hr,104474748446313,Crodex.net,Facebook
23371456-1f62-4808-b76d-be511abd47a7,Teta Violeta,2023-02-10T10:52:59.790Z,ce9e3265-032f-412c-8033-d38df8895135,ZZZ,Croatia,hr,156963351043942,Teta Violeta,Facebook
0458860f-2814-4195-bef4-acb0ddb3b066,MP Kameni,2023-02-10T10:52:59.793Z,4793808e-5ab9-4c87-8882-9b86d8e7c665,ZZZ,Croatia,hr,107010134764714,MP Kameni,Facebook
ff12b8f4-13b2-4ec7-a726-7904a392a2a4,IDE3 IT,2023-02-10T10:52:59.769Z,005a043e-446c-4156-9385-1a3d64d2cfab,ZZZ,Croatia,hr,113001768735420,IDE3 IT,Facebook
906dc4d6-fc3f-4b59-bb9f-94bf4e5d5517,Vigilare,2023-02-07T15:06:00.558Z,711df4c1-0007-4ebc-9783-78f671848aca,ZZZ,Croatia,hr,410274919036976,Vigilare,Facebook
c3c4ed88-28be-45b1-91c2-4771da037fbc,Dokukino Kic,2023-02-10T10:52:59.805Z,debc3c86-d3b9-40e5-a83b-e988648cf65a,ZZZ,Croatia,hr,414695695369395,Dokukino Kic,Facebook
1f47bb59-b8e6-4c9b-9912-f533e32052c9,Energia naturalis,2023-02-07T15:06:00.457Z,9e348ffd-1e70-4a9a-91f5-76162234a4e8,ZZZ,Croatia,hr,105958751249374,Energia naturalis,Facebook
c0f9105e-42e1-4908-b3b0-4f007218c101,ĐIR TV,2023-02-11T10:52:37.536Z,b0b8c238-7979-4285-97f9-1c65c920f640,ZZZ,Croatia,hr,1761306837490096,ĐIR TV,Facebook
b1826163-524e-40e0-a159-e7da255dcb26,Milorad Batinić - Za Ivanec,2023-02-11T10:52:37.530Z,79a58592-a20a-4bb7-8280-b52ce08c9789,ZZZ,Croatia,hr,108518521339423,Milorad Batinić - Za Ivanec,Facebook
e17e7019-2d48-433c-9f9d-163b0f447e9b,DNEVNIK.hr,2023-02-07T15:06:00.601Z,713370d6-901c-41f4-b34b-7ee5ce2002bc,ZZZ,Croatia,hr,122081620813,DNEVNIK.hr,Facebook
0318fcab-700c-468e-ac1e-45fc255f5d11,Faktograf.hr,2023-02-07T15:06:00.510Z,06d296b2-6f44-4198-9b12-ad9c6655835f,ZZZ,Croatia,hr,1487935214842281,Faktograf.hr,Facebook
663b6f8d-a0f8-4f75-9c0e-a28dfb088430,Prijatelji životinja,2023-02-13T10:53:01.029Z,f57c9774-6f62-44c1-bde4-d1aabdd40972,ZZZ,Croatia,hr,143600332358489,Prijatelji životinja,Facebook
6c937eaf-678b-423c-aa90-6612bdcdcd26,PomorskoDobro,2023-02-07T15:06:00.601Z,6438c8f5-73bd-494a-a158-3ce3e5b48ad1,ZZZ,Croatia,hr,100391106216697,PomorskoDobro,Facebook
87b62f98-a463-4bb8-b29b-4fed4ac490c5,Jamnica,2023-02-11T10:52:37.457Z,0b6023a3-8eb4-446c-9064-8a5583474945,ZZZ,Croatia,hr,248268301858527,Jamnica,Facebook
381392a0-f53e-4332-ae5f-04256735e1c8,Hrvatski-glasnik,2023-02-07T15:06:00.552Z,4f67c358-354e-4c62-af46-4fbd4164a921,ZZZ,Croatia,hr,110933407315208,Hrvatski-glasnik,Facebook
0a9b115d-afc3-4c2a-8afe-44d6412b9e00,OPG Trgovec - aronija i jabuka,2023-02-07T15:06:00.624Z,6a2506c1-19c0-4133-a3f9-2f9645b68305,ZZZ,Croatia,hr,1774280616174279,OPG Trgovec - aronija i jabuka,Facebook
329aedaa-df77-4582-8bca-1f32e6dca96b,Dnevno.hr,2023-02-13T10:53:01.002Z,24816ed7-7999-4d27-b083-4d41d5e0c24d,ZZZ,Croatia,hr,111421992219589,Dnevno.hr,Facebook
1b198840-6112-4fd2-b4ba-c39c5b0e937a,Regionalni centar čistog okoliša,2023-02-07T15:06:00.577Z,2af15526-1430-4980-98df-cb8aaa64911b,ZZZ,Croatia,hr,1221976581227693,Regionalni centar čistog okoliša,Facebook
1f3578ef-cfa1-4160-b7e1-496875b41637,Galerija umjetnina grada Slavonskog Broda,2023-02-11T10:52:37.509Z,55fe5154-5628-47e6-b620-9a39a8d4e750,ZZZ,Croatia,hr,2009067452699126,Galerija umjetnina grada Slavonskog Broda,Facebook
02c1c8e4-edf9-45ea-8fcc-4919ff97563f,Forum za održivi razvoj Zeleni prozor,2023-02-07T15:06:00.456Z,79a1fc7b-ca6e-4b1b-bcc9-131fb9b29cf7,ZZZ,Croatia,hr,215483678480618,Forum za održivi razvoj Zeleni prozor,Facebook
1d030548-07da-4afa-b2d7-63fc4d5519e2,ibis Styles Sarajevo,2023-02-10T10:52:59.793Z,f6578e02-aff9-42c3-97f2-564c3574ca66,ZZZ,Croatia,hr,1767357896713676,ibis Styles Sarajevo,Facebook
c134697e-2948-4868-b560-7219c50aa134,Saltwater intrusion and climate change-SECURE,2023-02-07T15:06:00.559Z,9cb55ab8-c335-45dc-81f1-7ba403e4ee6f,ZZZ,Croatia,hr,108979351863166,Saltwater intrusion and climate change-SECURE,Facebook
83453223-a170-47b3-87e8-3682972c30ce,Novi Zagreb Rugby,2023-02-15T10:52:43.865Z,988118d7-da15-48a8-a1de-953161764fa6,ZZZ,Croatia,hr,1499703613692746,Novi Zagreb Rugby,Facebook
fef1f82a-9896-4c04-9975-99d6dceb44f8,Kindle Equality,2023-02-16T10:52:51.244Z,37afa3f7-6379-4b4d-980a-fcb9c68584f0,ZZZ,Croatia,hr,110043074783222,Kindle Equality,Facebook
29c057d4-ff01-424c-9357-df16084caedd,Jana,2023-02-17T10:52:41.753Z,0cd39798-9f5c-4ea8-8961-4bc062539464,ZZZ,Croatia,hr,125703770797582,Jana,Facebook
fea5e777-5283-41c8-bdd8-f3c375a9fe22,ART BOX portal,2023-02-19T10:53:06.468Z,478d7d21-14cc-4a96-a958-d704c5d192cf,ZZZ,Croatia,hr,105196948556739,ART BOX portal,Facebook
b2227396-06fd-41ee-af86-f41af6e5cdc7,Supernova Garden Mall,2023-09-16T05:06:31.406Z,16280361-e2b6-4b0b-b918-fcd5564950f0,ZZZ,Croatia,hr,181057661965471,Supernova Garden Mall,Facebook
d14e890d-5c67-4f23-a919-ad21d50b87f8,Region,2023-02-20T10:52:52.865Z,8a653a4e-c53b-472a-971d-c7fbf50408b3,ZZZ,Croatia,hr,837843462897512,Region,Facebook
9c536fe6-efe1-4318-8b05-f5b18bb46c0c,Decathlon Hrvatska,2023-02-21T10:52:48.849Z,fb9cd370-efb9-4804-86b3-d45b9c6eea63,ZZZ,Croatia,hr,1452738148308737,Decathlon Hrvatska,Facebook
5486b7bc-2f6a-4fc7-9e5e-7e6baf74934c,Pearson English,2023-02-21T10:52:48.939Z,5acf7768-5f86-4807-a71a-6e00b1d897f6,ZZZ,Croatia,hr,262491330604824,Pearson English,Facebook
a1ba4b6b-ef6b-4061-be9e-a4f4c32a7d90,Adecco Croatia,2023-02-22T10:53:02.872Z,99090cfb-8a6f-4945-bbbf-57f05d3b117f,ZZZ,Croatia,hr,305026033002876,Adecco Croatia,Facebook
8f452bfc-f47a-4de4-83bd-a29d4ba06c5e,Kiss&Fly,2023-02-22T10:53:02.886Z,995556d3-5208-46ef-adf6-66d3ebea3e71,ZZZ,Croatia,hr,114490148207024,Kiss&Fly,Facebook
6f77ea0e-d391-4b68-8d6b-784c1b3da72e,FOX Crime Croatia,2023-02-25T10:52:57.773Z,7006de33-cc75-4c65-a4d4-9c3fc49eea90,ZZZ,Croatia,hr,118463304924068,FOX Crime Croatia,Facebook
ff40eeec-31c6-4968-b15d-a43a40b60898,Zapadno Od Centra,2023-09-22T04:09:11.242Z,b58d0c3f-21e4-4408-9ccd-d7c4cc47eaa4,ZZZ,Croatia,hr,105639868978226,Zapadno Od Centra,Facebook
7ebf2646-b98f-431f-afb8-132d3ef9d22d,FG Energy Hrvatska,2023-02-27T10:52:54.628Z,0355f95d-4eac-4401-a1c7-4ea63d8571b0,ZZZ,Croatia,hr,102037619085795,FG Energy Hrvatska,Facebook
58b8ab7b-4c50-4602-80e2-ae3e82ee5de8,LAQO,2023-02-28T10:53:01.220Z,7f73818a-f9a8-4cfb-a470-1fcc93550fc3,ZZZ,Croatia,hr,116390883496781,LAQO,Facebook
b450b732-29e9-4d70-bcbf-34626a462367,Morra Workshops Zagreb,2023-03-02T10:52:52.306Z,470ae6bf-ddde-4d89-8133-55ee0bf17f45,ZZZ,Croatia,hr,115567634785465,Morra Workshops Zagreb,Facebook
5ad7fc8f-684a-487f-a2ba-f5fae5e8b4a9,100% Smart Food,2023-03-03T10:52:51.574Z,dcf8131e-c74a-448f-9251-77915e76a1a9,ZZZ,Croatia,hr,102786704536778,100% Smart Food,Facebook
405f8550-9f99-41b3-bbf4-cbd2b78a1f72,Balkan Green Energy News,2023-03-03T10:52:51.605Z,4933f513-d0de-4c25-af18-a86c6b3d7d0d,ZZZ,Croatia,hr,199791603512096,Balkan Green Energy News,Facebook
637273b8-9f11-449c-92f3-36a87ae183b1,Lidl Hrvatska,2023-03-03T10:52:51.503Z,01aff40a-e0a1-4793-be89-7717a7767246,ZZZ,Croatia,hr,235078143193455,Lidl Hrvatska,Facebook
db75a386-f4d8-4983-bdd7-535dd615dfbd,cb4now,2023-09-13T05:06:21.661Z,b2629dd2-157c-4e6e-8417-49d0779dee2c,ZZZ,Croatia,hr,132066616646679,cb4now,Facebook
e549fb9d-08ad-4b32-a808-fa7f7561f3e4,Answear HR,2023-03-05T10:53:00.527Z,3ff60ed9-d590-4a96-a311-c87593a6b890,ZZZ,Croatia,hr,101097668940462,Answear HR,Facebook
2b51ae4d-e03a-4045-bf2a-8402c126bf90,DOX TV,2023-03-05T10:53:00.532Z,745efc69-32f3-4eb5-9181-b99f15efdd15,ZZZ,Croatia,hr,101002162790317,DOX TV,Facebook
ad21536b-1c8a-4f05-b4cb-e5b06f2bc081,Seabird bottle,2023-03-06T10:52:53.241Z,5fb7ec5c-7497-4ace-b38c-0c3df47da878,ZZZ,Croatia,hr,100503406243413,Seabird bottle,Facebook
b4305795-edbf-4840-b700-d1afe8c4ac80,Volim Dinamo,2023-09-24T05:06:39.460Z,5768131a-52f0-4318-9296-f7201c891064,ZZZ,Croatia,hr,447163802746520,Volim Dinamo,Facebook
3f03427c-c84b-4429-9db2-ca11822823ab,Philips Hrvatska,2023-03-08T16:31:58.773Z,64698ffd-1b13-40c6-b4c8-2646f206bc9a,ZZZ,Croatia,hr,411589468872763,Philips Hrvatska,Facebook
6f0a84fe-a043-40c1-9886-de004a676acb,"Udruga Sofija za osnaživanje, zaštitu i promicanje ljudskih prava",2023-09-26T05:08:21.672Z,2cc6ee3d-7634-4c4c-983d-bb8706d34016,ZZZ,Croatia,hr,101619894829315,"Udruga Sofija za osnaživanje, zaštitu i promicanje ljudskih prava",Facebook
d910459a-b904-41ab-abaf-171d2b93865e,IVECO,2023-03-08T19:00:21.249Z,ad678b67-d5df-4fbf-b70b-639aa7bb4f5c,ZZZ,Croatia,hr,830609547093802,IVECO,Facebook
3c3f7460-94b6-4eb5-99c1-ff7520d9c421,Ibrahimovic,2023-03-08T20:15:00.591Z,71f23e2c-7629-43aa-9426-9fd9dca73257,ZZZ,Croatia,hr,107701498712145,Ibrahimovic,Facebook
c07784f6-b400-4b75-a2f7-a3710695d63a,Women in Adria,2023-03-08T20:15:00.554Z,d489392f-ab36-4eef-8ffa-309187f58b8b,ZZZ,Croatia,hr,266092370110248,Women in Adria,Facebook
fcc7db6a-2b8e-44dc-adf9-d183b290d657,NOMAD.ba,2023-03-11T10:52:54.888Z,968a2b27-8a8e-4a0b-b1de-bc9c7fcd8d18,ZZZ,Croatia,hr,913845538797422,NOMAD.ba,Facebook
ad8e37db-5ab3-44d7-8989-d1cd817b411c,Neuroth,2023-03-12T10:52:49.201Z,cd32fc2a-3801-41da-b250-b1a115d8b624,ZZZ,Croatia,hr,465192736965345,Neuroth,Facebook
a752f1b0-e83d-4dc8-aff4-8d32f2847c82,Max City Pula,2023-03-12T10:52:49.202Z,dda4d7ac-0b4c-41df-90c7-03b7c760382a,ZZZ,Croatia,hr,231133430860540,Max City Pula,Facebook
c5e9f789-950f-4aad-9b80-6b95ef787020,Latida,2023-03-12T10:52:49.258Z,d4e979f5-bb30-4961-82fd-9fa4ceffde82,ZZZ,Croatia,hr,110711811860013,Latida,Facebook
730af62c-d7d6-4932-bd4c-2557e0ea22ad,Mood.hr,2023-03-13T10:52:38.913Z,4a9cd0f8-37bc-4eac-8914-ffcbd9e251b2,ZZZ,Croatia,hr,111199998485538,Mood.hr,Facebook
667a53cc-d40d-4533-b10a-9944b65be300,Naklada OceanMore,2023-03-13T10:52:38.933Z,99996cad-0afb-4c30-99c1-5700f3135e0f,ZZZ,Croatia,hr,133974313370481,Naklada OceanMore,Facebook
b1ea5021-2360-45b9-b2d8-f5cf37375732,TotalEnergies,2023-03-13T10:52:38.868Z,4a58b9a7-b277-402e-9378-ca1857cc7c47,ZZZ,Croatia,hr,106976357518598,TotalEnergies,Facebook
412e8a4f-8cfc-464c-a311-bb55bbef58db,Vina Belje,2023-10-03T05:06:30.638Z,417c31f1-ccd5-48d2-bfbd-e26e841c4eb7,ZZZ,Croatia,hr,288041874938401,Vina Belje,Facebook
5576287d-663f-4d13-b7f1-07830e4af321,Sneakers_gradacac.ba,2023-03-15T10:52:59.702Z,80af3544-7f51-4bbb-8d99-a80e9fb4fa71,ZZZ,Croatia,hr,107294185611281,Sneakers_gradacac.ba,Facebook
0b2df57a-72dd-4d53-b5fc-364a40db9d87,Mulj.net / Bučan pas,2023-03-17T10:52:59.849Z,b2376f2e-c078-4697-b4c2-6e44faaf59c8,ZZZ,Croatia,hr,298430663679308,Mulj.net / Bučan pas,Facebook
3546197c-c8db-490c-9ade-a97c5ade4788,DPD Croatia,2023-03-18T10:52:40.545Z,c3bf5c27-4404-4e05-9c2f-0356c45d9dd2,ZZZ,Croatia,hr,265998333471403,DPD Croatia,Facebook
79481543-082b-4113-a370-89269b384080,KineDok Hrvatska,2023-05-16T06:52:49.279Z,b56e44bf-7440-4153-94e0-5ca7ced76049,ZZZ,Croatia,hr,472582339825391,KineDok Hrvatska,Facebook
f731fc22-a4ce-42ad-bb5f-361df7a1d22d,CeraVe SkinCare,2023-03-20T10:52:39.066Z,6c6f5c0f-372b-4b59-9a79-deebd69a8487,ZZZ,Croatia,hr,102532841729025,CeraVe SkinCare,Facebook
2444f5af-a3ef-498c-ad43-99cf591a2d15,Erste banka,2023-03-21T10:52:33.020Z,35408ce3-796f-453e-b52d-02b8ae2100be,ZZZ,Croatia,hr,316017722518,Erste banka,Facebook
4b03ea7d-54c3-4249-b937-ca0e03a5090e,Split the week,2023-03-22T10:52:29.587Z,a117e38b-da16-47b9-95ec-83ec46f08d2a,ZZZ,Croatia,hr,106980930982234,Split the week,Facebook
894b8922-ef99-4b9b-9ee9-9aa55f75ae14,Bosch Hrvatska,2023-09-15T05:06:20.898Z,eee719e8-ad2d-43ce-aa29-8bde4ca2ed76,ZZZ,Croatia,hr,296815000497152,Bosch Hrvatska,Facebook
c651c984-0bd0-40ef-947d-ac16848367ea,Plazma Sportske igre mladih,2023-03-25T10:52:29.123Z,136aa951-7f17-4815-baab-87f62a2582d0,ZZZ,Croatia,hr,129186373785274,Plazma Sportske igre mladih,Facebook
fdf3b9df-9970-4f21-abb1-f34f8f0f7da9,REHAU Hrvatska,2023-03-27T10:52:52.519Z,f3f15b9d-244e-4f1d-bcd7-b1decf1e0750,ZZZ,Croatia,hr,141396479736411,REHAU Hrvatska,Facebook
b9873f9c-3608-4200-a8d1-34c61e1fb77e,PEPCO Hrvatska,2023-03-27T10:52:52.570Z,0c3421e5-786c-4a26-9a57-34f37516ba26,ZZZ,Croatia,hr,106125326729921,PEPCO Hrvatska,Facebook
8a9feb6e-b337-4101-9a7c-1fcfb897e1e3,yfood,2023-03-27T10:52:52.645Z,29686a7e-4329-401c-a1d2-183cbaca5b1a,ZZZ,Croatia,hr,252477292331628,yfood,Facebook
c9fafcc5-f4fe-4d1e-a6c7-13ff86c751b8,Flick Factory,2023-03-29T10:52:45.601Z,01f99bd6-e937-41aa-8ee2-2f3608158216,ZZZ,Croatia,hr,593303294113309,Flick Factory,Facebook
c711323b-c9bd-47fd-be29-0157cc103e46,Green Future Conference,2023-03-31T10:52:52.625Z,07602c6e-319a-4d06-8290-0042775fefb2,ZZZ,Croatia,hr,106293961914359,Green Future Conference,Facebook
31c304cb-a606-4e41-8e83-2c9b7797b921,Tetra Pak Hrvatska,2023-04-06T10:53:08.455Z,3ac0491e-b0db-4b39-a69c-425875579b58,ZZZ,Croatia,hr,199663480241830,Tetra Pak Hrvatska,Facebook
d2ae6c8d-1f37-4761-b555-f4cd7b461d25,Punkt by La-Va  project Consulting,2023-04-08T10:52:45.743Z,c60d35a5-cf29-4425-8033-e041edab25c5,ZZZ,Croatia,hr,104628659206604,Punkt by La-Va  project Consulting,Facebook
84862487-778f-46ba-a99d-8bcdf33010d0,Top Business Montenegro,2023-04-08T10:52:45.794Z,d01dd23b-0be5-434b-92ff-8432c95330db,ZZZ,Croatia,hr,111892075032611,Top Business Montenegro,Facebook
8d526451-13f1-4651-8675-855a248b1a16,Grand Promet.hr,2023-04-09T10:52:42.557Z,a945b5b3-ce98-4f6f-b1ac-98148cb3c25a,ZZZ,Croatia,hr,504471349892129,Grand Promet.hr,Facebook
d81a09af-e007-4b99-81c1-037691caa227,Mamo,2023-04-09T10:52:42.631Z,1b2f5e10-e4db-49e1-9216-bf2625636f5f,ZZZ,Croatia,hr,105340755310939,Mamo,Facebook
bff3b211-980f-471b-99e0-1f5a07604d52,kbdcapital,2023-04-10T10:52:12.091Z,1c4b6e24-046e-4e77-8730-2f10dbf5c308,ZZZ,Croatia,hr,111785098116772,kbdcapital,Facebook
2fe636e5-df60-466e-8656-eaa30155dafc,Nezavisne Kultura,2023-04-10T10:52:12.112Z,d75b3975-13ba-4a43-8ccb-75d11e01b99b,ZZZ,Croatia,hr,573832179382789,Nezavisne Kultura,Facebook
61d8b866-b309-45ec-8fa1-0133b997d9cf,Viasat Nature,2023-04-11T10:52:29.904Z,debbe13e-34c4-4081-9d92-7edf6572871d,ZZZ,Croatia,hr,467088960029754,Viasat Nature,Facebook
a7d3f6d8-4ce3-4084-a98f-b3986229e54b,Djeca prva / Children First,2023-05-15T06:53:02.297Z,188eb824-9701-4b77-b8fd-01b58625a793,ZZZ,Croatia,hr,492178077507485,Djeca prva / Children First,Facebook
6b4f7671-c532-450e-a21c-e18aaff793e0,portalzdravlje.hr,2023-03-08T14:42:32.527Z,91d14abc-1689-4c41-8d98-86c79a665f54,ZZZ,Croatia,hr,173040910995341,portalzdravlje.hr,Facebook
